# Target Type, bird
# Range (m), 87.2
# Velocity (m/s), 7.2
# SNR (dB), 19.1
# Micro-Doppler, Slow Wing Flapping
0.0512,0.1421,0.2841,0.4512,0.6284,0.7845,0.8954,0.9412,0.9124,0.8054,0.6321,0.4125,0.1654,-0.0954,-0.3421,-0.5512
-0.7084,-0.8012,-0.8195,-0.7621,-0.6412,-0.4684,-0.2612,-0.0384,0.1845,0.3954,0.5784,0.7124,0.7845,0.7895,0.7245,0.5984
0.4284,0.2241,0.0024,-0.2184,-0.4184,-0.5784,-0.6845,-0.7284,-0.7054,-0.6184,-0.4784,-0.2984,-0.0954,0.1142,0.3125,0.4821
0.6054,0.6741,0.6812,0.6284,0.5214,0.3741,0.1984,0.0054,-0.1845,-0.3541,-0.4895,-0.5741,-0.6054,-0.5784,-0.4954,-0.3684
-0.2084,-0.0284,0.1541,0.3241,0.4621,0.5584,0.6012,0.5895,0.5214,0.4084,0.2612,0.0912,-0.0841,-0.2514,-0.3954,-0.4984
-0.5487,-0.5412,-0.4784,-0.3684,-0.2241,-0.0584,0.1142,0.2784,0.4125,0.5054,0.5487,0.5384,0.4784,0.3741,0.2384,0.0812
-0.0841,-0.2384,-0.3684,-0.4587,-0.4984,-0.4821,-0.4184,-0.3125,-0.1784,-0.0241,0.1342,0.2841,0.4054,0.4821,0.5084,0.4784
0.3954,0.2741,0.1284,-0.0284,-0.1784,-0.3084,-0.3984,-0.4384,-0.4284,-0.3684,-0.2684,-0.1384,0.0054,0.1487,0.2784,0.3784
