# Target Type, drone
# Range (m), 124.6
# Velocity (m/s), 12.8
# SNR (dB), 24.5
# Micro-Doppler, Blade Harmonics Active
0.0125,0.0842,0.2154,0.3841,0.5621,0.7201,0.8329,0.8845,0.8651,0.7712,0.6124,0.4031,0.1652,-0.0821,-0.3154,-0.5187
-0.6784,-0.7821,-0.8214,-0.7951,-0.7042,-0.5584,-0.3698,-0.1542,0.0684,0.2784,0.4621,0.6054,0.6987,0.7354,0.7124,0.6284
0.4912,0.3125,0.1054,-0.1142,-0.3284,-0.5187,-0.6698,-0.7684,-0.8054,-0.7784,-0.6895,-0.5421,-0.3541,-0.1425,0.0784,0.2895
0.4784,0.6214,0.7084,0.7321,0.6954,0.6012,0.4587,0.2784,0.0741,-0.1384,-0.3421,-0.5214,-0.6584,-0.7412,-0.7684,-0.7384
-0.6487,-0.5084,-0.3284,-0.1241,0.0895,0.2984,0.4784,0.6124,0.6895,0.7084,0.6684,0.5698,0.4284,0.2487,0.0487,-0.1584
-0.3541,-0.5184,-0.6384,-0.7054,-0.7184,-0.6784,-0.5841,-0.4421,-0.2684,-0.0741,0.1284,0.3184,0.4784,0.5895,0.6487,0.6512
0.5984,0.4954,0.3512,0.1784,-0.0124,-0.2054,-0.3841,-0.5284,-0.6284,-0.6741,-0.6612,-0.5954,-0.4821,-0.3321,-0.1541,0.0384
0.2284,0.3984,0.5284,0.6054,0.6214,0.5784,0.4812,0.3421,0.1741,-0.0124,-0.1984,-0.3684,-0.4984,-0.5784,-0.6012,-0.5684
